Time(s),T1(DegC),Wall Temp(DegC),Top Plate(DegC),Bottom Plate(DegC),P1(PSI),P2(PSI),Mass Flowrate(g/min),Heater Energy (kJ)
0.00,30.30,29.40,28.10,26.60,48.20,1.70,0.00,0.00
0.10,30.30,29.50,28.10,26.60,48.40,2.00,0.00,0.00
0.20,30.30,29.50,28.10,26.60,47.10,2.20,0.00,0.00
0.30,30.30,29.60,28.00,26.60,48.10,2.00,0.00,0.00
0.40,30.30,29.50,28.00,26.50,48.10,2.00,0.00,0.00
0.50,30.30,29.50,28.00,26.50,48.20,1.90,0.00,0.00
0.60,30.30,29.50,28.00,26.50,47.70,2.00,0.00,0.00
0.70,30.30,29.60,28.00,26.50,47.70,2.00,0.00,0.00
0.80,30.30,29.60,28.00,26.50,47.90,2.00,0.00,0.00
0.90,30.30,29.50,28.00,26.60,47.90,1.90,0.00,0.00
1.00,30.20,29.50,28.10,26.50,47.60,1.90,0.00,0.00
1.10,30.20,29.50,28.10,26.50,47.70,1.90,0.00,0.00
1.20,30.40,29.50,28.10,26.50,47.40,2.00,0.00,0.00
1.30,30.20,29.40,28.00,26.60,48.20,2.20,0.00,0.00
1.40,30.20,29.40,28.00,26.60,48.20,2.50,0.00,0.00
1.50,30.30,29.50,28.00,26.50,47.90,2.00,0.00,0.00
1.60,30.30,29.40,27.90,26.50,47.90,2.00,0.00,0.00
1.70,30.30,29.40,27.90,26.50,48.20,1.60,0.00,0.00
1.80,30.20,29.60,28.10,26.60,47.90,1.70,0.00,0.00
1.90,30.30,29.50,28.00,26.60,48.10,2.20,0.00,0.00
2.00,30.30,29.50,28.00,26.60,47.70,1.70,0.00,0.00
2.10,30.20,29.50,28.00,26.40,47.90,1.90,0.00,0.00
2.20,30.30,29.60,28.20,26.60,47.70,1.60,0.00,0.00
2.30,30.30,29.60,28.20,26.60,47.90,2.50,0.00,0.00
2.40,30.20,29.50,28.00,26.50,47.60,2.00,0.00,0.00
2.50,30.20,29.50,28.00,26.50,47.60,2.00,0.00,0.00
2.60,30.20,29.50,28.10,26.60,47.90,2.20,0.00,0.00
2.70,30.20,29.40,28.00,26.40,47.60,2.00,0.00,0.00
2.80,30.20,29.40,28.00,26.40,48.40,1.40,0.00,0.00
2.90,30.30,29.60,28.00,26.60,48.40,2.00,0.00,0.00
3.00,30.30,29.60,28.00,26.60,47.90,2.00,0.00,0.00
3.10,30.30,29.60,28.10,26.50,48.10,2.00,0.00,0.00
3.20,30.20,29.50,28.00,26.40,47.60,2.00,0.00,0.00
3.30,30.20,29.50,28.00,26.40,48.20,2.40,0.00,0.00
3.40,30.10,29.40,27.90,26.40,47.70,1.60,0.00,0.00
3.50,30.20,29.40,28.00,26.60,47.70,1.60,0.00,0.00
3.60,30.20,29.40,28.00,26.60,47.60,2.00,0.00,0.00
3.70,30.30,29.60,28.00,26.60,47.70,1.60,0.00,0.00
3.80,30.20,29.50,27.90,26.40,47.60,1.70,0.00,0.00
3.90,30.20,29.50,27.90,26.40,47.70,1.70,0.00,0.00
4.00,30.30,29.50,28.00,26.60,47.70,1.90,0.00,0.00
4.10,30.30,29.60,27.90,26.60,48.10,1.90,0.00,0.00
4.20,30.30,29.60,27.90,26.60,47.70,2.00,0.00,0.00
4.30,30.10,29.40,28.00,26.40,48.20,2.00,0.00,0.00
4.40,30.20,29.50,27.90,26.50,48.20,2.00,0.00,0.00
4.50,30.20,29.50,27.90,26.50,47.60,1.70,0.00,0.00
4.60,30.40,29.50,28.00,26.50,46.20,2.00,0.00,0.00
4.70,30.40,29.50,28.00,26.50,47.70,2.20,0.00,0.00
4.80,30.20,29.50,28.00,26.60,47.90,1.40,0.00,0.00
4.90,30.20,29.50,28.00,26.30,48.20,2.20,0.00,0.00
5.00,30.20,29.50,28.00,26.30,48.10,1.90,0.00,0.00
5.10,30.20,29.40,28.00,26.50,47.60,1.70,0.00,0.00
5.20,30.20,29.50,28.00,26.50,47.90,2.20,0.00,0.00
5.30,30.20,29.50,28.00,26.50,47.70,2.20,0.00,0.00
5.40,30.20,29.50,28.00,26.60,47.70,2.20,0.00,0.00
5.50,30.30,29.60,28.10,26.60,47.90,1.90,0.00,0.00
5.60,30.30,29.60,28.10,26.60,48.10,1.60,0.00,0.00
5.70,30.20,29.40,27.90,26.60,47.60,1.70,0.00,0.00
5.80,30.30,29.60,28.10,26.60,47.90,2.00,0.00,0.00
5.90,30.30,29.60,28.10,26.60,47.70,1.90,0.00,0.00
6.00,30.20,29.40,28.00,26.50,48.10,1.90,0.00,0.00
6.10,30.20,29.60,28.10,26.50,47.60,1.90,0.00,0.00
6.20,30.20,29.60,28.10,26.50,47.60,1.60,0.00,0.00
6.30,30.40,29.60,28.00,26.60,47.60,1.60,0.00,0.00
6.40,30.20,29.40,27.90,26.50,47.70,1.70,0.00,0.00
6.50,30.20,29.40,27.90,26.50,47.90,1.90,0.00,0.00
6.60,30.30,29.50,27.90,26.50,47.40,2.00,0.00,0.00
6.70,30.30,29.50,27.90,26.50,48.10,2.20,0.00,0.00
6.80,30.30,29.50,28.10,26.60,47.60,1.60,0.00,0.00
6.90,30.30,29.60,28.00,26.60,47.90,1.30,0.00,0.00
7.00,30.30,29.60,28.00,26.60,48.10,2.20,0.00,0.00
7.10,30.30,29.40,28.00,26.50,48.10,1.90,0.00,0.00
7.20,30.20,29.40,27.90,26.50,47.90,2.20,0.00,0.00
7.30,30.20,29.40,27.90,26.50,47.90,2.20,0.00,0.00
7.40,30.20,29.40,28.00,26.60,47.90,2.50,0.00,0.00
7.50,30.30,29.40,28.00,26.50,48.10,2.50,0.00,0.00
7.60,30.30,29.40,28.00,26.50,48.10,2.20,0.00,0.00
7.70,30.10,29.40,27.90,26.40,48.80,2.20,0.00,0.00
7.80,30.30,29.50,28.00,26.50,47.70,1.70,0.00,0.00
7.90,30.30,29.50,28.00,26.50,47.90,1.90,0.00,0.00
8.00,30.40,29.50,28.10,26.50,48.40,2.20,0.00,0.00
8.10,30.20,29.50,28.00,26.50,48.10,1.90,0.00,0.00
8.20,30.20,29.50,28.00,26.50,47.70,2.40,0.00,0.00
8.30,30.10,29.40,28.00,26.40,47.70,1.90,0.00,0.00
8.40,30.20,29.50,27.90,26.40,47.70,2.40,0.00,0.00
8.50,30.20,29.50,27.90,26.40,47.60,2.20,0.00,0.00
8.60,30.20,29.40,28.10,26.50,47.70,2.20,0.00,0.00
8.70,30.10,29.40,28.00,26.50,48.10,2.20,0.00,0.00
8.80,30.10,29.40,28.00,26.50,48.20,2.00,0.00,0.00
8.90,30.20,29.40,28.00,26.40,47.70,2.20,0.00,0.00
9.00,30.10,29.30,28.00,26.50,47.60,2.00,0.00,0.00
9.10,30.10,29.30,28.00,26.50,47.70,2.20,0.00,0.00
9.20,30.30,29.50,28.10,26.60,47.70,2.20,0.00,0.00
9.30,30.30,29.50,28.10,26.60,47.90,2.20,0.00,0.00
9.40,30.30,29.50,28.10,26.60,47.40,1.90,0.00,0.00
9.50,30.20,29.30,28.00,26.60,48.10,1.70,0.00,0.00
9.60,30.20,29.30,28.00,26.60,48.20,1.70,0.00,0.00
9.70,30.20,29.40,28.00,26.50,48.10,1.90,0.00,0.00
9.80,30.20,29.40,28.00,26.50,48.20,1.90,0.00,0.00
9.90,30.20,29.40,28.00,26.50,45.90,2.00,0.00,0.00
10.00,30.20,29.40,28.00,26.60,47.60,1.60,0.00,0.00
10.10,30.20,29.50,27.90,26.50,47.60,1.60,0.00,0.00
10.20,30.20,29.50,27.90,26.50,47.90,2.40,0.00,0.00
10.30,30.10,29.50,28.00,26.50,47.60,2.20,0.00,0.00
10.40,30.10,29.50,28.00,26.50,48.10,1.70,0.00,0.00
10.50,30.20,29.50,28.00,26.50,47.40,2.00,0.00,0.00
10.60,30.20,29.40,27.90,26.50,47.90,2.00,0.00,0.00
10.70,30.20,29.40,27.90,26.50,47.40,2.00,0.00,0.00
10.80,30.30,29.50,28.00,26.60,47.90,2.40,0.00,0.00
10.90,30.30,29.50,28.00,26.60,47.40,2.00,0.00,0.00
11.00,30.40,29.60,28.10,26.70,47.40,2.00,0.00,0.00
11.10,30.20,29.40,28.00,26.60,47.40,2.00,0.00,0.00
11.20,30.20,29.40,28.00,26.60,48.10,2.00,0.00,0.00
11.30,30.20,29.40,27.90,26.50,47.90,-0.10,0.00,0.00
11.40,30.20,29.40,27.90,26.50,47.90,1.70,0.00,0.00
11.50,30.20,29.50,28.00,26.60,47.40,2.00,0.00,0.00
11.60,30.20,29.40,28.00,26.60,47.60,2.00,0.00,0.00
11.70,30.20,29.40,28.00,26.60,48.10,0.50,0.00,0.00
11.80,30.30,29.40,28.00,26.50,47.90,2.00,0.00,0.00
11.90,30.30,29.50,28.00,26.50,47.60,2.00,0.00,0.00
12.00,30.30,29.50,28.00,26.50,47.60,2.00,0.00,0.00
12.10,30.20,29.50,27.90,26.60,47.90,2.20,0.00,0.00
12.20,30.20,29.50,28.00,26.60,47.60,3.40,0.00,0.00
12.30,30.20,29.50,28.00,26.60,48.40,1.90,0.00,0.00
12.40,30.20,29.50,28.00,26.50,48.10,1.70,0.00,0.00
12.50,30.20,29.50,28.00,26.50,48.10,1.60,0.00,0.00
12.60,30.30,29.40,28.00,26.60,47.90,1.60,0.00,0.00
12.70,30.20,29.40,28.10,26.50,48.10,2.20,0.00,0.00
12.80,30.20,29.40,28.10,26.50,47.40,2.00,0.00,0.00
12.90,30.20,29.50,28.00,26.60,48.40,2.50,0.00,0.00
13.00,30.10,29.60,28.00,26.60,48.40,2.50,0.00,0.00
13.10,30.10,29.60,28.00,26.60,47.90,2.40,0.00,0.00
13.20,30.20,29.40,28.10,26.60,47.30,2.20,0.00,0.00
13.30,30.20,29.40,28.10,26.60,48.20,3.00,0.00,0.00
13.40,30.20,29.40,27.90,26.50,47.30,2.00,0.00,0.00
13.50,30.20,29.30,28.00,26.50,47.90,1.60,0.00,0.00
13.60,30.20,29.30,28.00,26.50,47.90,1.90,0.00,0.00
13.70,30.20,29.50,28.00,26.50,47.40,2.20,0.00,0.00
13.80,30.10,29.40,28.00,26.40,47.40,1.60,0.00,0.00
13.90,30.10,29.40,28.00,26.40,48.10,2.50,0.00,0.00
14.00,30.10,29.50,28.00,26.50,48.10,2.50,0.00,0.00
14.10,30.20,29.40,28.00,26.60,48.20,2.20,0.00,0.00
14.20,30.20,29.40,28.00,26.60,47.60,1.60,0.00,0.00
14.30,30.10,29.40,28.00,26.40,48.20,1.60,0.00,0.00
14.40,30.20,29.40,28.00,26.50,47.90,1.70,0.00,0.00
14.50,30.20,29.40,28.00,26.50,47.90,2.00,0.00,0.00
14.60,30.30,29.40,28.00,26.60,48.10,2.40,0.00,0.00
14.70,30.30,29.40,28.00,26.60,47.90,2.00,0.00,0.00
14.80,30.20,29.60,28.00,26.50,48.20,2.20,0.00,0.00
14.90,30.10,29.50,28.00,26.60,48.20,2.20,0.00,0.00
15.00,30.10,29.50,28.00,26.60,47.40,2.20,0.00,0.00
15.10,30.30,29.30,28.00,26.50,47.70,2.00,0.00,0.00
15.20,30.30,29.40,28.00,26.50,47.90,1.70,0.00,0.00
15.30,30.30,29.40,28.00,26.50,47.40,2.00,0.00,0.00
15.40,30.10,29.40,28.00,26.50,47.90,2.50,0.00,0.00
15.50,30.20,29.40,28.00,26.60,48.10,2.20,0.00,0.00
15.60,30.20,29.40,28.00,26.60,48.10,1.90,0.00,0.00
15.70,30.20,29.40,27.90,26.50,47.70,2.70,0.00,0.00
15.80,30.10,29.40,27.80,26.50,47.90,1.40,0.00,0.00
15.90,30.10,29.40,27.80,26.50,47.90,1.40,0.00,0.00
16.00,30.30,29.50,28.10,26.60,47.70,1.90,0.00,0.00
16.10,30.30,29.50,28.10,26.60,47.90,2.00,0.00,0.00
16.20,30.00,29.40,28.00,26.50,47.70,1.90,0.00,0.00
16.30,30.20,29.40,28.10,26.50,47.90,2.20,0.00,0.00
16.40,30.20,29.40,28.10,26.50,47.70,2.00,0.00,0.00
16.50,30.30,29.40,28.00,26.50,47.70,2.20,0.00,0.00
16.60,30.30,29.40,28.00,26.50,47.90,2.20,0.00,0.00
16.70,30.30,29.40,28.00,26.50,47.60,1.60,0.00,0.00
16.80,30.10,29.30,27.90,26.40,47.90,2.40,0.00,0.00
16.90,30.30,29.60,28.10,26.70,47.90,2.40,0.00,0.00
17.00,30.30,29.60,28.10,26.70,47.60,1.60,0.00,0.00
17.10,30.30,29.40,28.00,26.60,47.70,2.20,0.00,0.00
17.20,30.30,29.40,28.00,26.60,47.60,2.00,0.00,0.00
17.30,30.40,29.50,28.20,26.60,47.90,1.90,0.00,0.00
17.40,30.20,29.40,27.90,26.50,47.70,2.40,0.00,0.00
17.50,30.20,29.40,27.90,26.50,47.90,2.00,0.00,0.00
17.60,30.30,29.50,28.10,26.60,47.90,2.20,0.00,0.00
17.70,30.30,29.40,28.00,26.40,48.10,1.70,0.00,0.00
17.80,30.30,29.40,28.00,26.40,48.10,1.70,0.00,0.00
17.90,30.20,29.30,28.00,26.50,47.90,1.90,0.00,0.00
18.00,30.30,29.40,28.00,26.60,48.10,2.40,0.00,0.00
18.10,30.30,29.40,28.00,26.60,47.90,1.70,0.00,0.00
18.20,30.20,29.40,28.10,26.40,47.90,2.00,0.00,0.00
18.30,30.30,29.50,28.00,26.60,47.60,1.90,0.00,0.00
18.40,30.30,29.50,28.00,26.60,48.10,2.40,0.00,0.00
18.50,30.20,29.40,27.90,26.50,48.40,2.20,0.00,0.00
18.60,30.10,29.30,28.00,26.50,47.60,2.00,0.00,0.00
18.70,30.10,29.30,28.00,26.50,47.60,2.00,0.00,0.00
18.80,30.30,29.50,28.10,26.60,47.60,2.00,0.00,0.00
18.90,30.20,29.50,27.90,26.50,47.40,2.00,0.00,0.00
19.00,30.20,29.50,27.90,26.50,47.60,1.90,0.00,0.00
19.10,30.30,29.50,28.10,26.50,48.40,1.70,0.00,0.00
19.20,30.10,29.40,28.00,26.50,47.40,2.00,0.00,0.00
19.30,30.10,29.40,28.00,26.50,47.90,1.70,0.00,0.00
19.40,30.10,29.40,28.00,26.60,47.70,1.70,0.00,0.00
19.50,30.20,29.40,28.10,26.50,47.70,2.50,0.00,0.00
19.60,30.20,29.40,28.10,26.50,47.70,2.50,0.00,0.00
19.70,30.10,29.30,28.00,26.40,47.70,2.00,0.00,0.00
19.80,30.10,29.30,28.00,26.40,48.10,2.20,0.00,0.00
19.90,30.10,29.60,28.00,26.60,48.20,2.00,0.00,0.00
20.00,30.30,29.50,28.00,26.50,48.40,1.90,0.00,0.00
20.10,30.30,29.50,28.00,26.50,47.90,2.40,0.00,0.00
20.20,30.30,29.50,28.10,26.50,47.60,2.20,0.00,0.00
20.30,30.30,29.50,28.10,26.50,47.90,2.20,0.00,0.00
20.40,30.20,29.40,28.00,26.60,47.90,2.20,0.00,0.00
20.50,30.20,29.40,28.00,26.60,47.70,2.50,0.00,0.00
20.60,30.20,29.40,28.00,26.60,48.10,2.20,0.00,0.00
20.70,30.10,29.40,28.00,26.50,47.60,1.90,0.00,0.00
20.80,30.20,29.50,28.10,26.60,45.40,2.20,0.00,0.00
20.90,30.20,29.50,28.10,26.60,47.70,1.70,0.00,0.00
21.00,30.20,29.40,28.00,26.50,47.70,2.20,0.00,0.00
21.10,30.20,29.50,28.10,26.60,47.60,2.20,0.00,0.00
21.20,30.20,29.50,28.10,26.60,47.90,1.90,0.00,0.00
21.30,30.30,29.40,28.00,26.50,47.60,2.20,0.00,0.00
21.40,30.20,29.40,27.90,26.50,47.70,1.70,0.00,0.00
21.50,30.20,29.40,27.90,26.50,47.60,1.90,0.00,0.00
21.60,30.20,29.40,28.10,26.50,48.20,1.70,0.00,0.00
21.70,30.20,29.40,28.10,26.50,48.10,1.70,0.00,0.00
21.80,30.10,29.40,27.90,26.50,47.70,2.40,0.00,0.00
21.90,30.20,29.50,28.10,26.60,47.70,1.90,0.00,0.00
22.00,30.20,29.50,28.10,26.60,48.10,2.00,0.00,0.00
22.10,30.30,29.40,28.00,26.50,47.70,1.90,0.00,0.00
22.20,30.30,29.50,28.00,26.50,48.10,1.90,0.00,0.00
22.30,30.30,29.50,28.00,26.50,47.60,2.00,0.00,0.00
22.40,30.20,29.40,28.10,26.50,47.60,1.60,0.00,0.00
22.50,30.10,29.40,28.10,26.50,47.60,1.60,0.00,0.00
22.60,30.10,29.40,28.10,26.50,47.70,2.00,0.00,0.00
22.70,30.10,29.40,28.00,26.50,47.90,2.20,0.00,0.00
22.80,30.10,29.40,28.00,26.50,45.70,2.40,0.00,0.00
22.90,30.20,29.40,28.10,26.50,48.10,2.20,0.00,0.00
23.00,30.20,29.40,28.10,26.60,48.10,2.00,0.00,0.00
23.10,30.20,29.40,28.10,26.60,47.40,1.90,0.00,0.00
23.20,30.20,29.40,28.00,26.60,47.70,2.20,0.00,0.00
23.30,30.20,29.50,27.90,26.40,47.70,2.00,0.00,0.00
23.40,30.20,29.50,27.90,26.40,48.70,-0.60,0.00,0.00
23.50,30.30,29.50,28.00,26.50,48.20,2.50,0.00,0.00
23.60,30.40,29.40,28.00,26.50,48.80,2.40,0.00,0.00
23.70,30.40,29.40,28.00,26.50,48.70,2.20,0.00,0.00
23.80,30.40,29.40,28.10,26.50,48.20,1.60,0.00,0.00
23.90,30.40,29.40,28.10,26.50,48.40,2.20,0.00,0.00
24.00,30.50,29.30,28.00,26.40,47.70,2.40,0.00,0.00
24.10,30.50,29.40,28.00,26.50,47.60,2.40,0.00,0.00
24.20,30.50,29.40,28.00,26.50,48.70,1.90,0.00,0.00
24.30,30.40,29.30,27.90,26.50,48.10,1.70,0.00,0.00
24.40,30.50,29.30,28.00,26.40,48.40,2.20,0.00,0.00
24.50,30.50,29.30,28.00,26.40,48.50,3.00,0.00,0.00
24.60,30.40,29.40,28.00,26.50,48.10,1.60,0.00,0.00
24.70,30.50,29.50,27.90,26.60,48.40,1.90,0.00,0.00
24.80,30.50,29.50,27.90,26.60,48.40,2.20,0.00,0.00
24.90,30.50,29.50,28.10,26.60,48.50,2.50,0.00,0.00
25.00,30.50,29.40,28.00,26.60,48.80,2.20,0.00,0.00
25.10,30.50,29.40,28.00,26.60,48.10,1.60,0.00,0.00
25.20,30.30,29.30,28.00,26.40,48.20,1.90,0.00,0.00
25.30,30.40,29.40,28.00,26.50,47.90,1.60,0.00,0.00
25.40,30.40,29.40,28.00,26.50,47.90,1.60,0.00,0.00
25.50,30.30,29.30,28.00,26.40,48.40,1.90,0.00,0.00
25.60,30.30,29.30,28.00,26.40,48.10,1.70,0.00,0.00
25.70,30.40,29.50,28.10,26.50,48.20,1.40,0.00,0.00
25.80,30.40,29.50,28.00,26.60,48.70,1.90,0.00,0.00
25.90,30.40,29.50,28.00,26.60,48.20,2.20,0.00,0.00
26.00,30.30,29.40,27.90,26.50,48.40,1.40,0.00,0.00
26.10,30.30,29.40,27.90,26.60,48.50,2.20,0.00,0.00
26.20,30.30,29.40,27.90,26.60,48.40,1.90,0.00,0.00
26.30,30.40,29.40,28.00,26.60,48.50,2.00,0.00,0.00
26.40,30.40,29.40,28.10,26.70,48.50,2.00,0.00,0.00
26.50,30.40,29.40,28.10,26.70,48.70,2.20,0.00,0.00
26.60,30.30,29.40,27.90,26.40,48.20,1.70,0.00,0.00
26.70,30.30,29.40,27.90,26.40,48.10,1.90,0.00,0.00
26.80,30.40,29.40,28.10,26.50,48.10,1.70,0.00,0.00
26.90,30.30,29.40,28.00,26.60,48.10,2.20,0.00,0.00
27.00,30.30,29.40,28.00,26.60,48.20,1.90,0.00,0.00
27.10,30.30,29.50,28.10,26.60,48.40,2.20,0.00,0.00
27.20,30.30,29.40,28.00,26.60,48.20,2.00,0.00,0.00
27.30,30.30,29.40,28.00,26.60,48.20,2.00,0.00,0.00
27.40,30.20,29.40,28.00,26.50,48.20,1.90,0.00,0.00
27.50,30.20,29.40,28.00,26.40,48.10,2.20,0.00,0.00
27.60,30.20,29.40,28.00,26.40,48.50,2.00,0.00,0.00
27.70,30.30,29.30,27.90,26.50,48.20,2.20,0.00,0.00
27.80,30.30,29.40,28.10,26.60,47.90,2.20,0.00,0.00
27.90,30.30,29.40,28.10,26.60,48.40,2.20,0.00,0.00
28.00,30.30,29.40,27.90,26.60,48.50,2.40,0.00,0.00
28.10,30.20,29.30,28.00,26.50,48.50,1.70,0.00,0.00
28.20,30.20,29.30,28.00,26.50,48.50,1.70,0.00,0.00
28.30,30.40,29.40,28.10,26.60,48.70,2.20,0.00,0.00
28.40,30.20,29.40,27.90,26.50,47.90,1.90,0.00,0.00
28.50,30.20,29.40,27.90,26.50,48.50,2.00,0.00,0.00
28.60,30.20,29.30,27.90,26.60,48.40,1.90,0.00,0.00
28.70,30.20,29.40,28.00,26.50,48.70,1.70,0.00,0.00
28.80,30.20,29.40,28.00,26.50,48.50,1.40,0.00,0.00
28.90,30.40,29.50,28.00,26.50,48.10,1.90,0.00,0.00
29.00,30.30,29.50,28.00,26.50,48.40,1.90,0.00,0.00
29.10,30.30,29.50,28.00,26.50,48.20,1.60,0.00,0.00
29.20,30.20,29.40,28.00,26.50,48.70,2.40,0.00,0.00
29.30,30.20,29.40,27.90,26.50,48.40,2.20,0.00,0.00
29.40,30.20,29.40,27.90,26.50,48.70,1.90,0.00,0.00
29.50,30.20,29.50,28.00,26.60,48.20,1.90,0.00,0.00
29.60,30.20,29.50,28.00,26.60,48.40,-0.30,0.00,0.00
29.70,30.00,29.30,27.90,26.40,48.70,1.70,0.00,0.00
29.80,30.10,29.30,28.00,26.50,48.40,2.50,0.00,0.00
29.90,30.10,29.30,28.00,26.50,48.40,1.90,0.00,0.00
30.00,30.40,29.40,28.10,26.60,48.40,1.90,0.00,0.00
30.10,30.20,29.30,28.00,26.40,48.20,2.20,0.00,0.00
30.20,30.20,29.30,28.00,26.40,48.20,2.20,0.00,0.00
30.30,30.30,29.40,28.00,26.60,48.40,1.90,0.00,0.00
30.40,30.10,29.40,28.00,26.50,48.50,2.50,0.00,0.00
30.50,30.10,29.40,28.00,26.50,48.40,2.50,0.00,0.00
30.60,30.20,29.50,28.00,26.70,48.50,2.20,0.00,0.00
30.70,30.30,29.40,28.10,26.50,48.10,1.40,0.00,0.00
30.80,30.30,29.40,28.10,26.50,48.20,2.20,0.00,0.00
30.90,30.10,29.30,27.90,26.50,48.20,2.20,0.00,0.00
31.00,30.20,29.40,28.00,26.60,48.50,2.00,0.00,0.00
31.10,30.20,29.40,28.00,26.60,48.50,1.90,0.00,0.00
31.20,30.10,29.30,28.00,26.50,48.20,2.40,0.00,0.00
31.30,30.20,29.30,28.00,26.50,47.70,1.90,0.00,0.00
31.40,30.20,29.30,28.00,26.50,48.20,1.70,0.00,0.00
31.50,30.20,29.40,28.10,26.40,48.20,2.00,0.00,0.00
31.60,30.10,29.40,28.00,26.50,48.50,1.70,0.00,0.00
31.70,30.10,29.40,28.00,26.50,47.90,1.70,0.00,0.00
31.80,30.30,29.50,28.10,26.60,48.50,2.20,0.00,0.00
31.90,30.30,29.50,28.10,26.60,48.50,2.20,0.00,0.00
32.00,30.10,29.40,28.00,26.60,48.40,2.50,0.00,0.00
32.10,30.20,29.40,28.00,26.50,49.10,1.60,0.00,0.00
32.20,30.20,29.40,28.00,26.50,48.40,2.00,0.00,0.00
32.30,30.10,29.40,27.90,26.50,48.20,2.50,0.00,0.00
32.40,30.30,29.50,28.10,26.60,49.00,2.20,0.00,0.00
32.50,30.30,29.50,28.10,26.60,48.70,1.60,0.00,0.00
32.60,30.30,29.30,28.00,26.50,48.70,2.00,0.00,0.00
32.70,30.10,29.30,27.80,26.40,47.90,1.60,0.00,0.00
32.80,30.10,29.30,27.80,26.40,48.50,1.90,0.00,0.00
32.90,30.20,29.50,28.10,26.60,48.50,1.70,0.00,0.00
33.00,30.10,29.60,28.00,26.60,48.40,2.20,0.00,0.00
33.10,30.10,29.60,28.00,26.60,47.90,1.60,0.00,0.00
33.20,30.20,29.50,28.10,26.60,48.70,1.90,0.00,0.00
33.30,30.20,29.40,28.10,26.60,48.20,1.90,0.00,0.00
33.40,30.20,29.40,28.10,26.60,48.40,1.90,0.00,0.00
33.50,30.20,29.50,28.10,26.60,48.70,1.70,0.00,0.00
33.60,30.20,29.40,28.00,26.50,48.20,1.90,0.00,0.00
33.70,30.20,29.40,28.00,26.50,47.90,1.90,-0.01,0.00
33.80,30.20,29.40,28.00,26.50,47.90,1.90,0.01,0.00
33.90,30.30,29.40,28.00,26.50,48.80,1.70,12.30,0.00
34.00,30.30,29.40,28.00,26.50,48.40,2.20,35.06,0.00
34.10,30.30,29.40,28.10,26.60,48.50,2.00,42.07,0.00
34.20,30.30,29.40,28.10,26.60,49.10,1.60,46.80,0.00
34.30,30.40,29.40,28.00,26.40,46.70,2.20,50.06,0.00
34.40,30.60,29.40,28.00,26.40,49.30,1.90,51.37,0.00
34.50,30.60,29.40,28.00,26.40,49.70,1.90,51.54,0.00
34.60,30.60,29.30,28.00,26.40,49.40,2.40,51.55,0.00
34.70,30.90,29.50,28.10,26.70,49.30,2.20,51.29,0.00
34.80,30.90,29.50,28.10,26.70,49.30,2.20,50.95,0.00
34.90,30.90,29.40,28.10,26.50,50.40,1.40,50.81,0.00
35.00,31.20,29.30,28.00,26.40,50.20,1.70,50.54,0.00
35.10,31.20,29.30,28.00,26.40,50.70,1.90,50.28,0.00
35.20,31.20,29.40,28.00,26.50,50.20,2.20,50.11,0.00
35.30,31.40,29.40,28.00,26.60,51.30,1.70,50.07,0.00
35.40,31.40,29.40,28.00,26.60,50.70,2.00,49.81,0.00
35.50,31.40,29.50,28.10,26.60,50.70,1.90,49.66,0.00
35.60,31.60,29.40,28.00,26.60,51.00,2.40,49.37,0.00
35.70,31.60,29.40,28.00,26.60,50.70,1.90,49.17,0.00
35.80,31.50,29.20,27.90,26.40,50.70,1.90,49.05,0.00
35.90,31.50,29.20,27.90,26.40,51.90,2.40,48.83,0.00
36.00,31.70,29.40,28.00,26.60,52.10,1.70,48.72,0.00
36.10,31.80,29.40,27.90,26.50,52.10,2.20,48.54,0.00
36.20,31.80,29.40,27.90,26.50,52.10,2.20,49.88,0.00
36.30,31.90,29.40,27.90,26.50,52.80,1.70,50.45,0.00
36.40,32.10,29.50,28.00,26.60,52.50,2.00,50.69,0.00
36.50,32.10,29.50,28.00,26.60,52.70,2.40,50.91,0.00
36.60,32.20,29.40,28.00,26.60,52.70,2.00,50.83,0.00
36.70,32.20,29.40,28.10,26.50,52.70,2.00,50.59,0.00
36.80,32.20,29.40,28.10,26.50,53.10,2.50,50.46,0.00
36.90,32.20,29.30,28.00,26.50,53.10,2.20,50.30,0.00
37.00,32.20,29.30,28.00,26.50,53.60,1.90,50.20,0.00
37.10,32.30,29.40,27.90,26.60,53.40,2.20,50.02,0.00
37.20,32.40,29.40,28.10,26.50,53.70,2.00,49.91,0.00
37.30,32.40,29.40,28.10,26.50,53.90,1.90,49.74,0.00
37.40,32.30,29.40,28.00,26.50,53.70,2.40,49.61,0.00
37.50,32.50,29.40,28.00,26.50,53.90,1.70,49.55,0.00
37.60,32.50,29.40,28.00,26.50,53.90,1.90,49.37,0.00
37.70,32.60,29.40,28.00,26.60,53.90,1.90,49.05,0.00
37.80,32.60,29.40,28.00,26.50,53.90,2.00,48.98,0.00
37.90,32.60,29.40,28.00,26.50,54.50,2.40,48.77,0.00
38.00,32.60,29.30,27.90,26.50,54.40,2.50,48.62,0.00
38.10,32.60,29.30,27.90,26.50,55.00,2.40,49.30,0.00
38.20,32.70,29.40,28.00,26.40,54.70,1.70,50.37,0.00
38.30,32.70,29.40,28.10,26.50,55.10,1.70,50.75,0.00
38.40,32.70,29.40,28.10,26.50,55.30,1.40,50.83,0.00
38.50,32.70,29.30,28.00,26.60,55.60,1.90,50.68,0.00
38.60,32.90,29.40,28.10,26.60,55.60,1.90,50.52,0.00
38.70,32.90,29.40,28.10,26.60,55.60,1.70,50.43,0.00
38.80,32.70,29.40,28.00,26.60,55.60,1.70,50.18,0.00
38.90,33.00,29.40,28.00,26.50,55.90,2.20,50.00,0.00
39.00,33.00,29.40,28.00,26.50,55.90,2.70,49.81,0.00
39.10,33.00,29.40,28.10,26.70,56.10,2.20,49.73,0.00
39.20,32.90,29.40,28.00,26.60,56.50,1.90,49.48,0.00
39.30,32.90,29.40,28.00,26.60,56.50,1.90,49.31,0.00
39.40,32.90,29.30,28.00,26.50,57.00,1.90,49.20,0.00
39.50,32.90,29.30,28.00,26.50,56.50,2.00,49.03,0.00
39.60,32.80,29.30,28.00,26.50,56.50,2.00,48.89,0.00
39.70,33.00,29.30,27.90,26.50,57.10,2.70,49.96,0.00
39.80,33.00,29.30,27.90,26.50,57.10,1.60,50.37,0.00
39.90,33.00,29.50,28.00,26.50,57.40,2.40,50.60,0.00
40.00,32.80,29.30,28.00,26.50,57.40,1.90,50.50,0.00
40.10,32.80,29.30,28.00,26.50,58.10,2.20,50.30,0.00
40.20,33.00,29.30,28.00,26.40,57.10,2.20,50.07,0.00
40.30,33.00,29.30,28.00,26.40,57.40,2.00,49.93,0.00
40.40,33.10,29.40,28.10,26.60,58.20,1.90,49.81,0.00
40.50,33.10,29.50,28.10,26.50,57.70,2.00,49.62,0.00
40.60,33.00,29.40,28.00,26.50,58.50,1.30,49.42,0.00
40.70,33.00,29.40,28.00,26.50,58.50,1.30,49.28,0.00
40.80,33.10,29.40,28.10,26.60,58.40,1.90,49.80,0.00
40.90,33.10,29.40,28.10,26.60,58.70,3.00,50.43,0.00
41.00,33.10,29.40,28.10,26.60,58.70,2.00,50.76,0.00
41.10,33.10,29.40,28.00,26.50,58.80,1.90,50.62,0.00
41.20,33.10,29.40,28.00,26.50,59.40,2.00,50.57,0.00
41.30,33.00,29.30,27.90,26.40,59.30,2.00,50.25,0.00
41.40,33.20,29.40,28.00,26.50,59.00,1.90,50.11,0.00
41.50,33.20,29.40,28.00,26.50,59.00,1.90,49.94,0.00
41.60,33.20,29.50,27.90,26.60,59.30,2.20,49.79,0.00
41.70,33.00,29.20,27.80,26.40,60.40,1.90,49.69,0.00
41.80,33.00,29.20,27.80,26.40,60.40,2.00,49.51,0.00
41.90,33.10,29.30,28.00,26.40,60.40,2.00,49.25,0.00
42.00,33.20,29.50,28.00,26.60,60.20,1.90,49.09,0.00
42.10,33.20,29.50,28.00,26.60,61.40,1.70,49.06,0.00
42.20,33.40,29.50,28.10,26.60,60.50,2.00,50.00,0.00
42.30,33.30,29.30,28.10,26.50,60.70,2.20,50.31,0.00
42.40,33.30,29.30,28.10,26.50,60.70,2.20,50.52,0.00
42.50,33.30,29.40,28.00,26.50,61.00,1.90,50.46,0.00
42.60,33.30,29.60,28.20,26.70,61.00,1.90,50.32,0.00
42.70,33.30,29.60,28.20,26.70,61.40,2.00,50.18,0.00
42.80,33.30,29.30,28.00,26.60,61.40,1.70,50.10,0.00
42.90,33.40,29.30,27.90,26.50,61.40,1.60,49.96,0.00
43.00,33.40,29.30,27.90,26.50,61.30,2.00,49.82,0.00
43.10,33.20,29.30,27.90,26.40,61.40,1.90,49.55,0.00
43.20,33.20,29.30,27.90,26.40,61.40,2.20,49.50,0.00
43.30,33.40,29.30,27.90,26.50,62.10,1.90,49.33,0.00
43.40,33.40,29.40,28.10,26.60,62.10,1.90,49.14,0.00
43.50,33.40,29.40,28.10,26.60,62.10,2.00,49.22,0.00
43.60,33.20,29.30,28.00,26.40,62.10,2.20,49.85,0.00
43.70,33.30,29.40,28.00,26.50,62.40,2.00,50.37,0.00
43.80,33.30,29.40,28.00,26.50,62.50,1.90,50.75,0.00
43.90,33.30,29.30,28.00,26.50,63.00,2.40,50.70,0.00
44.00,33.40,29.50,28.20,26.60,62.70,2.00,50.50,0.00
44.10,33.40,29.50,28.20,26.60,62.50,2.40,50.23,0.00
44.20,33.50,29.30,28.10,26.60,63.10,2.20,50.13,0.00
44.30,33.40,29.40,28.10,26.40,63.10,2.20,49.95,0.00
44.40,33.40,29.40,28.10,26.40,63.40,2.00,49.69,0.00
44.50,33.40,29.40,28.00,26.70,64.10,2.00,49.59,0.00
44.60,33.40,29.40,28.00,26.70,64.80,1.90,49.43,0.00
44.70,33.50,29.40,27.90,26.50,63.40,2.20,49.25,0.00
44.80,33.50,29.40,27.90,26.50,63.40,2.50,48.97,0.00
44.90,33.40,29.30,27.90,26.50,64.20,2.00,48.97,0.00
45.00,33.50,29.40,28.00,26.50,64.10,2.00,49.63,0.00
45.10,33.50,29.40,28.00,26.50,64.70,2.00,50.28,0.00
45.20,33.50,29.40,28.00,26.60,64.50,1.90,50.62,0.00
45.30,33.40,29.30,28.10,26.60,64.50,1.90,50.72,0.00
45.40,33.40,29.30,28.10,26.60,64.50,2.00,50.68,0.00
45.50,33.40,29.40,28.00,26.60,65.00,2.20,50.44,0.00
45.60,33.50,29.40,28.00,26.50,65.10,1.90,50.20,0.00
45.70,33.50,29.40,28.00,26.50,65.10,1.10,50.10,0.00
45.80,33.50,29.40,28.00,26.50,65.60,3.00,49.85,0.00
45.90,33.50,29.40,28.00,26.50,65.40,2.00,49.62,0.00
46.00,33.50,29.30,28.00,26.50,66.10,1.90,49.37,0.00
46.10,33.50,29.50,28.00,26.60,65.90,1.60,49.16,0.00
46.20,33.50,29.50,28.00,26.60,65.90,1.60,48.97,0.00
46.30,33.50,29.50,28.00,26.50,66.10,2.00,49.31,0.00
46.40,33.40,29.20,27.90,26.40,66.20,1.90,49.80,0.00
46.50,33.40,29.20,27.90,26.40,66.70,2.40,50.11,0.00
46.60,33.60,29.40,28.10,26.60,66.80,1.90,50.21,0.00
46.70,33.50,29.30,28.00,26.50,66.50,1.60,50.30,0.00
46.80,33.50,29.30,28.00,26.50,66.80,2.00,50.28,0.00
46.90,33.60,29.40,28.00,26.60,66.80,1.90,50.12,0.00
47.00,33.60,29.40,28.10,26.50,67.10,2.20,49.89,0.00
47.10,33.60,29.40,28.10,26.50,67.10,2.20,49.69,0.00
47.20,33.60,29.30,28.00,26.50,67.60,1.90,49.44,0.00
47.30,33.60,29.40,28.00,26.50,67.70,2.50,49.35,0.00
47.40,33.60,29.40,28.00,26.50,67.30,2.20,49.98,0.00
47.50,33.60,29.30,28.10,26.50,68.10,2.00,50.45,0.00
47.60,33.50,29.30,28.00,26.50,68.10,1.70,50.57,0.00
47.70,33.50,29.30,28.00,26.50,68.10,2.20,50.75,0.00
47.80,33.60,29.40,28.10,26.50,69.10,2.20,50.50,0.00
47.90,33.50,29.30,28.00,26.50,68.20,2.40,50.34,0.00
48.00,33.50,29.30,28.00,26.50,68.20,2.40,50.01,0.00
48.10,33.60,29.40,28.10,26.50,68.20,2.00,49.73,0.00
48.20,33.60,29.40,28.10,26.60,68.50,1.60,49.42,0.00
48.30,33.60,29.40,28.10,26.60,69.00,2.70,49.21,0.00
48.40,33.50,29.30,28.00,26.60,69.10,1.40,49.28,0.00
48.50,33.60,29.30,27.90,26.50,68.50,1.90,49.66,0.00
48.60,33.60,29.30,27.90,26.50,69.00,2.40,50.17,0.00
48.70,33.60,29.30,28.00,26.50,69.00,2.00,50.38,0.00
48.80,33.60,29.30,28.00,26.50,68.80,2.00,50.45,0.00
48.90,33.60,29.30,28.00,26.50,68.80,2.00,44.29,0.00
49.00,33.50,29.30,28.00,26.60,69.10,2.00,35.31,0.00
49.10,33.50,29.30,28.00,26.60,69.00,2.20,12.02,0.00
49.20,33.50,29.40,28.00,26.50,69.10,2.00,6.93,0.00
49.30,33.20,29.30,28.00,26.40,69.00,1.70,4.48,0.00
49.40,33.20,29.30,28.00,26.40,69.00,2.00,3.32,0.00
49.50,33.10,29.30,28.00,26.50,68.80,1.30,2.50,0.00
49.60,33.00,29.40,28.10,26.40,69.10,2.40,2.00,0.00
49.70,33.00,29.40,28.10,26.40,69.00,2.00,1.63,0.00
49.80,32.90,29.30,27.90,26.70,68.80,2.00,1.42,0.00
49.90,32.90,29.30,27.90,26.70,68.80,2.20,1.22,0.00
50.00,32.80,29.40,28.10,26.70,69.10,1.90,1.05,0.00
50.10,32.80,29.50,28.10,26.60,69.10,1.60,0.97,0.00
50.20,32.60,29.40,28.00,26.50,69.30,1.90,0.84,0.00
50.30,32.60,29.40,28.00,26.50,69.00,1.70,0.81,0.00
50.40,32.60,29.30,28.10,26.60,68.70,1.90,0.71,0.00
50.50,32.50,29.50,28.00,26.60,68.80,1.70,0.70,0.00
50.60,32.50,29.50,28.00,26.60,68.80,2.80,0.62,0.00
50.70,32.40,29.40,28.00,26.60,69.00,1.90,0.58,0.00
50.80,32.40,29.40,28.00,26.60,69.00,1.90,0.51,0.00
50.90,32.30,29.40,28.00,26.50,67.40,2.20,0.45,0.00
51.00,32.30,29.50,28.10,26.60,68.40,1.90,0.40,0.00
51.10,32.10,29.30,28.00,26.50,68.80,2.40,0.38,0.00
51.20,32.10,29.30,28.00,26.50,69.10,1.90,0.33,0.00
51.30,32.10,29.30,28.00,26.50,68.70,1.60,0.27,0.00
51.40,32.10,29.30,28.00,26.50,68.50,1.70,0.25,0.00
51.50,32.00,29.30,28.00,26.50,68.70,2.20,0.24,0.00
51.60,32.10,29.30,28.00,26.40,68.80,1.60,0.24,0.00
51.70,32.10,29.30,28.00,26.40,68.80,1.60,0.22,0.00
51.80,31.90,29.30,28.00,26.60,68.50,1.70,0.18,0.00
51.90,31.90,29.30,28.00,26.60,68.40,1.70,0.18,0.00
52.00,31.90,29.30,28.10,26.50,69.00,2.20,0.17,0.00
52.10,31.80,29.40,28.10,26.60,68.80,1.10,0.17,0.00
52.20,31.80,29.40,28.10,26.60,68.40,1.90,0.17,0.00
52.30,31.60,29.30,27.90,26.40,68.20,1.90,0.11,0.00
52.40,31.60,29.30,28.10,26.60,68.40,1.90,0.11,0.00
52.50,31.60,29.30,28.10,26.60,68.40,2.40,0.11,0.00
52.60,31.70,29.30,28.00,26.50,68.40,2.40,0.11,0.00
52.70,31.60,29.30,28.00,26.60,68.20,2.00,0.13,0.00
52.80,31.60,29.30,28.00,26.60,68.40,2.00,0.11,0.00
52.90,31.60,29.40,28.10,26.60,68.50,2.20,0.11,0.00
53.00,31.50,29.30,28.00,26.50,68.80,2.00,0.07,0.00
53.10,31.50,29.30,28.00,26.50,68.70,2.20,0.11,0.00
53.20,31.50,29.30,28.10,26.50,68.20,2.00,0.09,0.00
53.30,31.50,29.40,28.10,26.50,68.10,2.20,0.11,0.00
53.40,31.50,29.40,28.10,26.50,68.50,1.90,0.09,0.00
53.50,31.50,29.30,28.10,26.60,68.40,2.00,0.09,0.00
53.60,31.50,29.30,28.10,26.60,68.40,2.00,0.11,0.00
53.70,31.40,29.20,27.90,26.50,68.70,1.90,0.09,0.00
53.80,31.50,29.40,28.10,26.60,68.50,2.00,0.09,0.00
53.90,31.50,29.40,28.10,26.60,68.80,2.00,0.07,0.00
54.00,31.50,29.30,28.10,26.60,68.20,1.70,0.07,0.00
54.10,31.30,29.30,27.90,26.40,68.70,2.00,0.06,0.00
54.20,31.30,29.30,27.90,26.40,68.10,1.90,0.11,0.00
54.30,31.20,29.10,27.90,26.30,68.20,2.70,0.04,0.00
54.40,31.50,29.20,28.10,26.50,68.70,2.20,0.07,0.00
54.50,31.50,29.20,28.10,26.50,68.70,2.00,0.07,0.00
54.60,31.30,29.30,27.90,26.60,68.70,1.70,0.07,0.00
54.70,31.30,29.30,28.00,26.50,68.50,1.70,0.06,0.00
54.80,31.30,29.30,28.00,26.50,67.10,2.20,0.04,0.00
54.90,31.40,29.40,28.20,26.60,68.50,1.90,0.04,0.00
55.00,31.40,29.40,28.20,26.60,68.70,1.90,0.04,0.00
55.10,31.40,29.30,28.10,26.60,68.40,1.90,0.06,0.00
55.20,31.30,29.30,28.00,26.50,68.20,1.90,0.07,0.00
55.30,31.30,29.30,28.00,26.50,68.50,2.00,0.02,0.00
55.40,31.40,29.40,28.00,26.50,68.70,2.00,0.07,0.00
55.50,31.30,29.30,28.00,26.50,68.70,2.00,0.00,0.00
55.60,31.30,29.30,28.00,26.50,68.40,1.60,0.04,0.00
55.70,31.30,29.50,28.10,26.70,68.80,1.70,0.07,0.00
55.80,31.20,29.30,27.90,26.40,68.70,2.20,0.06,0.00
55.90,31.20,29.30,27.90,26.40,68.70,1.70,0.00,0.00
56.00,31.10,29.20,28.00,26.50,68.10,2.50,0.02,0.00
56.10,31.20,29.20,28.00,26.50,68.80,1.90,0.02,0.00
56.20,31.20,29.20,28.00,26.50,68.40,2.20,0.06,0.00
56.30,31.20,29.40,28.00,26.50,68.50,1.70,0.07,0.00
56.40,31.00,29.20,27.90,26.40,67.90,2.20,0.00,0.00
56.50,31.00,29.20,27.90,26.40,67.90,2.20,0.06,0.00
56.60,31.10,29.30,27.90,26.40,68.70,1.90,0.00,0.00
56.70,31.10,29.30,27.90,26.40,68.20,1.60,0.00,0.00
56.80,31.10,29.40,28.00,26.50,68.40,2.50,0.02,0.00
56.90,31.10,29.30,28.00,26.40,68.20,1.90,0.00,0.00
57.00,31.10,29.30,28.00,26.40,68.40,2.00,0.04,0.00
57.10,31.10,29.20,28.00,26.50,68.50,2.00,0.06,0.00
57.20,31.10,29.30,28.10,26.50,68.70,2.00,-0.02,0.00
57.30,31.10,29.30,28.10,26.50,68.50,2.20,0.02,0.00
57.40,31.10,29.30,28.00,26.50,68.50,2.20,0.02,0.00
57.50,31.10,29.30,28.00,26.50,68.40,2.00,0.02,0.00
57.60,31.10,29.30,28.00,26.50,68.40,2.20,0.04,0.00
57.70,31.10,29.30,28.10,26.60,68.20,2.00,0.00,0.00
57.80,30.90,29.20,28.00,26.40,68.40,1.90,0.00,0.00
57.90,30.90,29.20,28.00,26.40,68.50,1.70,0.06,0.00
58.00,31.00,29.30,28.00,26.50,68.20,1.90,0.06,0.00
58.10,31.00,29.40,28.00,26.60,66.40,1.90,0.00,0.00
58.20,31.00,29.40,28.00,26.60,68.40,1.90,0.00,0.00
58.30,31.00,29.30,28.10,26.60,68.80,1.90,0.02,0.00
58.40,31.00,29.30,28.10,26.60,68.80,1.90,0.00,0.00
58.50,30.90,29.20,27.90,26.50,68.40,2.20,0.02,0.00
58.60,31.00,29.20,28.00,26.50,67.90,1.90,0.07,0.00
58.70,31.00,29.20,28.00,26.50,68.70,1.90,0.06,0.00
58.80,31.00,29.30,28.00,26.60,68.50,1.90,0.02,0.00
58.90,31.00,29.30,28.00,26.50,68.40,2.00,0.09,0.00
59.00,31.00,29.30,28.00,26.50,68.40,2.00,0.06,0.00
59.10,30.90,29.20,28.00,26.50,68.80,1.90,0.06,0.00
59.20,31.10,29.30,28.10,26.60,68.10,1.60,0.00,0.00
59.30,31.10,29.30,28.10,26.60,68.10,1.60,0.02,0.00
59.40,31.00,29.30,28.00,26.60,68.10,1.60,0.02,0.00
59.50,30.90,29.30,28.00,26.40,69.00,2.20,0.00,0.00
59.60,30.90,29.30,28.00,26.40,68.40,1.90,0.00,0.00
59.70,30.90,29.30,27.90,26.50,67.70,2.20,-0.02,0.00
59.80,30.90,29.30,28.00,26.50,68.50,1.60,-0.02,0.00
59.90,30.90,29.30,28.00,26.50,68.20,2.00,-0.02,0.00
60.00,31.00,29.20,28.00,26.60,68.80,2.80,0.00,0.00
60.10,30.90,29.30,28.00,26.50,68.20,2.40,0.00,0.00
60.20,30.90,29.30,28.00,26.50,68.40,2.40,0.04,0.00
60.30,30.90,29.30,28.00,26.60,68.40,1.70,0.02,0.00
60.40,30.80,29.20,28.00,26.50,68.40,1.70,0.02,0.00
60.50,30.80,29.20,28.00,26.50,68.50,2.00,0.00,0.00
60.60,30.80,29.40,28.10,26.60,68.40,1.90,-0.04,0.00
60.70,30.80,29.30,28.00,26.50,68.40,1.90,-0.04,0.00
60.80,30.80,29.30,28.00,26.50,68.40,2.00,0.00,0.00
60.90,30.80,29.40,28.00,26.70,68.40,2.40,0.00,0.00
61.00,30.80,29.40,28.00,26.70,68.70,1.90,-0.04,0.00
61.10,30.80,29.30,28.10,26.60,68.40,1.90,0.00,0.00
61.20,30.90,29.40,28.10,26.50,68.40,2.20,-0.04,0.00
61.30,30.90,29.40,28.10,26.50,68.40,2.20,0.00,0.00
61.40,30.80,29.20,28.00,26.50,68.40,2.00,0.00,0.00
61.50,31.00,29.40,28.10,26.50,68.20,1.90,0.00,0.00
61.60,31.00,29.40,28.10,26.50,68.10,2.20,-0.04,0.00
61.70,30.70,29.20,28.10,26.50,68.10,1.90,-0.04,0.00
61.80,31.00,29.30,28.10,26.50,68.70,1.70,-0.02,0.00
61.90,31.00,29.30,28.10,26.50,68.80,1.70,-0.02,0.00
62.00,30.90,29.30,28.10,26.50,66.40,2.20,-0.04,0.00
62.10,30.80,29.30,28.10,26.50,69.00,1.90,0.00,0.00
62.20,30.80,29.30,28.10,26.50,69.00,1.90,0.00,0.00
62.30,30.70,29.20,27.90,26.50,66.80,2.20,-0.02,0.00
62.40,30.80,29.40,28.10,26.60,68.10,2.20,0.00,0.00
62.50,30.80,29.40,28.10,26.60,68.50,2.50,-0.04,0.00
62.60,30.80,29.30,28.00,26.50,68.10,2.20,-0.04,0.00
62.70,30.80,29.20,28.20,26.70,69.00,2.00,0.00,0.00
62.80,30.80,29.20,28.20,26.70,68.70,2.40,-0.04,0.00
62.90,30.90,29.30,28.10,26.50,68.50,1.90,-0.04,0.00
63.00,30.90,29.30,28.10,26.50,68.50,1.70,-0.04,0.00
63.10,30.70,29.30,28.00,26.50,68.50,1.70,-0.04,0.00
63.20,30.80,29.30,28.10,26.60,68.80,2.20,-0.02,0.00
63.30,30.80,29.30,28.10,26.60,68.50,1.90,0.00,0.00
63.40,30.80,29.30,27.90,26.70,68.50,2.40,0.00,0.00
63.50,30.80,29.40,28.00,26.50,68.40,2.00,-0.02,0.00
63.60,30.80,29.40,28.00,26.50,68.40,2.20,-0.04,0.00
63.70,30.70,29.40,27.90,26.60,68.40,1.90,-0.04,0.00
63.80,30.80,29.30,28.00,26.50,68.70,2.70,-0.04,0.00
63.90,30.80,29.30,28.00,26.50,68.50,2.20,0.04,0.00
64.00,30.80,29.30,27.90,26.60,68.20,2.40,0.00,0.00
64.10,30.80,29.20,28.00,26.50,68.20,2.40,-0.06,0.00
64.20,30.80,29.20,28.00,26.50,68.50,1.70,-0.02,0.00
64.30,30.70,29.40,28.20,26.50,68.20,2.20,0.00,0.00
64.40,30.80,29.30,27.90,26.50,68.10,1.90,-0.06,0.00
64.50,30.80,29.30,27.90,26.50,68.50,2.70,-0.04,0.00
64.60,30.70,29.30,28.00,26.60,68.70,2.00,-0.02,0.00
64.70,30.80,29.30,28.00,26.50,67.90,2.20,-0.02,0.00
64.80,30.80,29.30,28.00,26.50,68.40,2.00,0.00,0.00
64.90,30.60,29.30,28.10,26.50,68.80,2.40,0.00,0.00
65.00,30.70,29.30,28.00,26.40,68.80,2.40,-0.04,0.00
65.10,30.70,29.30,28.00,26.40,68.20,0.70,-0.02,0.00
65.20,30.80,29.30,28.10,26.60,66.20,1.90,-0.02,0.00
65.30,30.80,29.30,28.10,26.60,68.40,2.00,0.00,0.00
65.40,30.80,29.30,28.10,26.60,68.20,1.70,-0.04,0.00
65.50,30.50,29.10,27.80,26.40,68.50,2.00,0.00,0.00
65.60,30.50,29.10,27.80,26.40,68.70,2.00,-0.02,0.00
65.70,30.70,29.40,28.20,26.60,68.20,2.20,-0.04,0.00
65.80,30.60,29.30,28.10,26.40,68.50,2.20,0.00,0.00
65.90,30.60,29.30,28.10,26.40,68.20,2.00,-0.04,0.00
66.00,30.70,29.30,28.10,26.60,68.20,2.00,-0.02,0.00
66.10,30.70,29.30,28.10,26.50,69.00,1.90,-0.04,0.00
66.20,30.70,29.30,28.10,26.50,68.20,2.20,-0.04,0.00
66.30,30.70,29.30,28.00,26.60,68.50,2.00,-0.04,0.00
66.40,30.70,29.40,28.00,26.60,68.70,1.00,0.00,0.00
66.50,30.70,29.40,28.00,26.60,69.10,2.50,-0.04,0.00
66.60,30.60,29.30,28.10,26.50,68.20,2.40,-0.04,0.00
66.70,30.70,29.30,28.00,26.60,68.50,2.00,0.00,0.00
66.80,30.70,29.30,28.00,26.60,68.70,2.20,-0.06,0.00
66.90,30.60,29.30,28.00,26.50,68.40,2.20,-0.04,0.00
67.00,30.60,29.30,28.00,26.50,68.40,2.20,-0.02,0.00
67.10,30.60,29.30,28.00,26.40,68.20,2.00,-0.02,0.00
67.20,30.70,29.20,28.10,26.50,68.40,1.90,-0.02,0.00
67.30,30.70,29.20,28.10,26.50,68.20,2.40,-0.04,0.00
67.40,30.70,29.30,28.00,26.50,68.50,2.20,-0.06,0.00
67.50,30.60,29.30,28.00,26.50,68.70,1.40,-0.04,0.00
67.60,30.60,29.30,28.00,26.50,68.80,2.00,-0.04,0.00
67.70,30.70,29.20,28.00,26.50,68.40,2.70,-0.02,0.00
67.80,30.60,29.20,27.90,26.40,68.70,2.20,0.00,0.00
67.90,30.60,29.20,27.90,26.40,68.50,1.90,-0.04,0.00
68.00,30.70,29.40,28.00,26.50,68.70,2.20,-0.04,0.00
68.10,30.70,29.40,28.00,26.50,68.20,2.00,-0.04,0.00
68.20,30.70,29.30,28.00,26.50,68.70,1.90,-0.02,0.00
68.30,30.60,29.30,28.00,26.50,68.40,2.80,0.00,0.00
68.40,30.60,29.30,28.00,26.50,68.70,2.20,0.00,0.00
68.50,30.60,29.30,28.00,26.50,68.40,2.40,-0.02,0.00
68.60,30.60,29.40,28.10,26.50,68.40,1.40,0.02,0.00
68.70,30.60,29.40,28.10,26.50,68.40,2.20,-0.04,0.00
68.80,30.60,29.30,28.00,26.60,65.90,2.00,0.00,0.00
68.90,30.60,29.40,28.00,26.70,65.90,2.00,0.00,0.00
69.00,30.60,29.40,28.00,26.70,68.10,1.90,0.02,0.00
69.10,30.50,29.30,28.00,26.50,68.70,1.60,0.00,0.00
69.20,30.60,29.30,28.00,26.50,68.20,2.20,0.02,0.00
69.30,30.60,29.30,28.00,26.50,68.40,1.60,-0.02,0.00
69.40,30.60,29.20,28.00,26.50,68.40,2.00,0.04,0.00
69.50,30.60,29.30,28.10,26.60,68.20,2.20,0.00,0.00
69.60,30.60,29.30,28.10,26.60,68.10,2.20,0.06,0.00
69.70,30.50,29.20,27.90,26.50,68.40,2.20,-0.04,0.00
69.80,30.70,29.40,28.10,26.60,68.40,2.20,-0.04,0.00
69.90,30.70,29.40,28.10,26.60,68.50,2.00,0.00,0.00
70.00,30.50,29.40,28.10,26.50,68.50,2.00,-0.04,0.00
70.10,30.50,29.40,28.10,26.50,68.50,1.70,-0.04,0.00
70.20,30.50,29.30,28.00,26.40,68.40,2.40,-0.06,0.00
70.30,30.70,29.30,28.20,26.70,68.40,1.40,-0.04,0.00
70.40,30.70,29.30,28.20,26.70,68.70,2.40,0.00,0.00
70.50,30.60,29.40,28.00,26.50,68.40,2.00,-0.04,0.00
70.60,30.60,29.30,28.00,26.70,68.20,2.00,-0.02,0.00
70.70,30.60,29.30,28.00,26.70,68.50,2.20,0.00,0.00
70.80,30.60,29.30,28.00,26.50,68.50,2.20,0.00,0.00
70.90,30.50,29.30,28.10,26.50,68.40,1.90,0.00,0.00
71.00,30.50,29.30,28.10,26.50,68.80,2.40,0.00,0.00
71.10,30.50,29.30,28.10,26.60,68.50,2.00,-0.06,0.00
71.20,30.60,29.30,28.00,26.70,68.20,2.00,0.02,0.00
71.30,30.60,29.30,28.00,26.70,68.50,2.20,-0.02,0.00
71.40,30.60,29.40,28.10,26.60,68.20,1.70,-0.04,0.00
71.50,30.60,29.40,28.10,26.60,68.50,1.60,-0.06,0.00
71.60,30.70,29.50,28.20,26.60,68.40,1.60,-0.06,0.00
71.70,30.40,29.30,28.00,26.50,68.40,1.60,-0.04,0.00
71.80,30.40,29.30,28.00,26.50,68.10,1.30,-0.02,0.00
71.90,30.50,29.20,28.10,26.50,68.40,2.40,-0.04,0.00
72.00,30.60,29.30,28.00,26.60,68.70,2.70,-0.04,0.00
72.10,30.60,29.30,28.00,26.60,68.20,1.70,-0.06,0.00
72.20,30.50,29.40,28.10,26.50,68.40,2.70,-0.06,0.00
72.30,30.40,29.30,28.10,26.40,68.80,2.00,0.00,0.00
72.40,30.40,29.30,28.10,26.40,68.50,1.90,-0.02,0.00
72.50,30.50,29.30,28.00,26.60,68.40,2.00,-0.02,0.00
72.60,30.40,29.30,28.10,26.50,68.40,2.00,-0.02,0.00
72.70,30.40,29.30,28.10,26.50,68.20,2.40,-0.02,0.00
72.80,30.60,29.30,28.00,26.50,68.40,1.70,-0.04,0.00
72.90,30.60,29.30,28.00,26.50,68.10,2.40,-0.02,0.00
73.00,30.50,29.30,28.10,26.60,68.40,2.20,-0.04,0.00
73.10,30.50,29.30,28.10,26.70,68.50,2.20,-0.04,0.00
73.20,30.50,29.30,28.10,26.70,68.50,1.90,0.00,0.00
73.30,30.50,29.40,28.10,26.60,68.50,1.70,-0.04,0.00
73.40,30.50,29.20,28.10,26.40,68.50,2.00,-0.06,0.00
73.50,30.50,29.20,28.10,26.40,68.10,1.40,-0.04,0.00
73.60,30.40,29.30,28.00,26.60,68.10,1.40,-0.04,0.00
73.70,30.50,29.30,28.00,26.50,68.70,1.60,0.00,0.00
73.80,30.50,29.30,28.00,26.50,68.10,2.00,-0.02,0.00
73.90,30.40,29.20,27.90,26.40,68.70,2.40,0.00,0.00
74.00,30.40,29.20,28.00,26.50,68.40,2.50,0.00,0.00
74.10,30.40,29.20,28.00,26.50,68.40,2.00,0.02,0.00
74.20,30.50,29.30,28.00,26.50,68.40,2.20,-0.02,0.00
74.30,30.50,29.30,28.10,26.50,68.20,1.90,-0.02,0.00
74.40,30.50,29.30,28.10,26.50,67.70,2.40,0.00,0.00
74.50,30.50,29.30,28.10,26.60,67.70,2.40,-0.04,0.00
74.60,30.40,29.30,28.00,26.50,68.40,2.00,0.00,0.00
74.70,30.40,29.30,28.00,26.50,68.40,2.00,0.00,0.00
74.80,30.50,29.40,28.10,26.50,68.70,0.30,0.00,0.00
74.90,30.30,29.20,28.00,26.40,68.20,2.20,0.00,0.00
75.00,30.30,29.20,28.00,26.40,68.50,1.60,-0.04,0.00
75.10,30.40,29.20,27.90,26.50,68.50,1.60,-0.02,0.00
75.20,30.40,29.20,27.90,26.50,68.40,2.00,-0.02,0.00
75.30,30.40,29.20,27.90,26.40,68.40,2.00,-0.02,0.00
75.40,30.40,29.40,27.90,26.50,68.80,1.00,-0.02,0.00
75.50,30.40,29.40,27.90,26.50,68.40,1.90,-0.04,0.00
75.60,30.50,29.30,28.20,26.50,68.70,-0.10,-0.02,0.00
75.70,30.50,29.30,28.20,26.50,68.40,2.00,0.00,0.00
75.80,30.50,29.40,28.00,26.50,68.50,1.90,0.00,0.00
75.90,30.50,29.30,28.00,26.60,68.20,2.00,-0.04,0.00
76.00,30.50,29.30,28.00,26.60,68.20,1.90,-0.06,0.00
76.10,30.50,29.30,28.10,26.60,68.80,1.90,-0.06,0.00
76.20,30.50,29.40,28.00,26.60,68.20,2.40,-0.06,0.00
76.30,30.50,29.40,28.00,26.60,68.50,1.40,-0.04,0.00
76.40,30.30,29.30,28.00,26.50,68.50,2.20,-0.06,0.00
76.50,30.50,29.40,28.10,26.60,68.40,2.20,-0.04,0.00
76.60,30.50,29.40,28.10,26.60,68.50,1.70,0.00,0.00
76.70,30.40,29.30,28.10,26.50,68.70,1.60,0.00,0.00
76.80,30.40,29.30,28.10,26.50,68.10,1.70,-0.04,0.00
76.90,30.40,29.30,28.10,26.50,68.40,2.00,-0.02,0.00
77.00,30.40,29.30,28.00,26.60,68.20,2.00,-0.06,0.00
77.10,30.40,29.30,28.00,26.60,68.50,1.90,-0.04,0.00
77.20,30.40,29.30,28.00,26.40,68.20,2.00,-0.02,0.00
77.30,30.50,29.30,28.00,26.50,68.20,2.00,0.02,0.00
77.40,30.50,29.30,28.00,26.50,68.50,1.90,-0.04,0.00
77.50,30.40,29.40,28.00,26.50,68.40,2.00,-0.04,0.00
77.60,30.40,29.50,28.00,26.50,68.10,2.00,-0.02,0.00
77.70,30.40,29.50,28.00,26.50,68.40,2.20,-0.06,0.00
77.80,30.50,29.40,28.10,26.60,68.10,2.20,-0.04,0.00
77.90,30.50,29.40,28.10,26.60,68.50,2.00,-0.06,0.00
78.00,30.40,29.20,28.00,26.60,68.10,2.40,-0.04,0.00
78.10,30.40,29.40,28.00,26.60,68.40,2.40,-0.04,0.00
78.20,30.40,29.40,28.00,26.60,68.40,2.40,-0.04,0.00
78.30,30.30,29.40,28.10,26.60,68.50,2.00,-0.04,0.00
78.40,30.30,29.10,28.00,26.30,68.10,2.40,-0.06,0.00
78.50,30.30,29.10,28.00,26.30,68.50,2.40,0.00,0.00
78.60,30.40,29.40,28.10,26.60,68.70,2.40,-0.04,0.00
78.70,30.40,29.40,28.10,26.60,68.20,2.20,0.00,0.00
78.80,30.30,29.30,28.00,26.60,68.50,2.00,0.00,0.00
78.90,30.50,29.20,28.00,26.50,68.10,1.90,-0.04,0.00
79.00,30.50,29.20,28.00,26.50,68.70,2.20,-0.02,0.00
79.10,30.40,29.30,28.00,26.60,68.70,2.20,-0.09,0.00
79.20,30.40,29.30,28.10,26.60,68.20,2.00,-0.06,0.00
79.30,30.40,29.30,28.10,26.60,68.40,1.90,-0.04,0.00
79.40,30.40,29.40,28.10,26.60,68.20,2.20,-0.04,0.00
79.50,30.50,29.30,28.10,26.70,68.70,1.70,-0.06,0.00
79.60,30.50,29.30,28.10,26.70,68.40,2.20,-0.04,0.00
79.70,30.50,29.30,28.00,26.60,68.40,1.90,-0.04,0.00
79.80,30.40,29.30,28.00,26.60,68.10,1.90,-0.04,0.00
79.90,30.40,29.30,28.00,26.60,67.60,2.50,-0.04,0.00
80.00,30.40,29.30,28.10,26.50,68.50,1.90,-0.02,0.00
80.10,30.40,29.30,28.20,26.40,68.50,1.90,-0.04,0.00
80.20,30.40,29.30,28.20,26.40,68.20,1.70,-0.09,0.00
80.30,30.40,29.50,28.10,26.70,68.10,2.40,-0.04,0.00
80.40,30.30,29.40,28.00,26.60,68.50,1.60,-0.06,0.00
80.50,30.30,29.40,28.00,26.60,68.50,1.60,0.06,0.00
80.60,30.30,29.30,28.00,26.60,68.20,1.90,-0.06,0.00
80.70,30.30,29.30,28.00,26.60,68.20,1.90,0.00,0.00
80.80,30.30,29.40,28.00,26.50,68.80,2.00,0.00,0.00
80.90,30.30,29.40,28.00,26.50,68.40,1.90,-0.02,0.00
81.00,30.30,29.40,28.00,26.50,68.10,2.20,0.00,0.00
81.10,30.30,29.30,28.10,26.50,68.20,2.00,-0.02,0.00
81.20,30.40,29.30,28.10,26.60,68.40,2.20,-0.04,0.00
81.30,30.40,29.30,28.10,26.60,68.20,2.20,0.02,0.00
81.40,30.30,29.40,28.10,26.60,68.40,2.00,0.00,0.00
81.50,30.40,29.30,28.10,26.60,68.10,2.20,-0.04,0.00
81.60,30.40,29.30,28.10,26.60,68.40,1.90,-0.06,0.00
81.70,30.40,29.40,28.10,26.50,68.50,2.20,-0.06,0.00
81.80,30.30,29.40,28.10,26.70,68.50,2.50,-0.06,0.00
81.90,30.30,29.40,28.10,26.70,68.50,2.50,-0.06,0.00
82.00,30.30,29.40,28.10,26.60,68.10,1.90,-0.02,0.00
82.10,30.30,29.40,28.10,26.60,68.50,1.70,-0.04,0.00
82.20,30.30,29.30,28.10,26.50,68.20,1.90,-0.02,0.00
82.30,30.30,29.20,28.00,26.50,68.40,1.70,0.00,0.00
82.40,30.30,29.20,28.00,26.50,68.70,2.40,-0.04,0.00
82.50,30.40,29.40,28.00,26.60,67.70,2.00,0.00,0.00
82.60,30.30,29.20,27.90,26.40,68.20,1.60,-0.04,0.00
82.70,30.30,29.20,27.90,26.40,68.50,1.90,-0.04,0.00
82.80,30.30,29.30,28.10,26.60,68.40,2.00,-0.02,0.00
82.90,30.30,29.30,28.10,26.50,68.20,1.90,-0.02,0.00
83.00,30.30,29.30,28.10,26.50,68.20,1.90,0.00,0.00
83.10,30.30,29.30,28.00,26.50,68.40,2.20,-0.02,0.00
83.20,30.30,29.30,28.00,26.50,68.50,1.70,-0.02,0.00
83.30,30.40,29.40,28.10,26.50,68.40,1.90,-0.04,0.00
83.40,30.40,29.40,28.10,26.50,68.70,2.00,-0.02,0.00
83.50,30.30,29.20,28.00,26.50,68.50,2.50,-0.02,0.00
83.60,30.10,29.20,27.90,26.30,68.50,1.70,0.00,0.00
83.70,30.10,29.20,27.90,26.30,68.20,2.70,-0.02,0.00
83.80,30.30,29.20,27.90,26.50,68.20,2.40,0.00,0.00
83.90,30.40,29.30,28.00,26.50,68.70,-0.60,-0.04,0.00
84.00,30.40,29.30,28.00,26.50,68.70,-0.60,-0.06,0.00
84.10,30.40,29.40,28.10,26.70,68.10,1.90,0.00,0.00
84.20,30.30,29.30,28.00,26.40,68.40,2.00,-0.02,0.00
84.30,30.30,29.30,28.00,26.40,68.10,2.40,-0.07,0.00
84.40,30.40,29.40,28.10,26.70,68.50,1.70,-0.04,0.00
84.50,30.20,29.20,27.90,26.60,68.40,2.40,-0.06,0.00
84.60,30.20,29.20,27.90,26.60,68.70,1.90,-0.06,0.00
84.70,30.30,29.40,28.00,26.60,69.00,1.90,-0.04,0.00
84.80,30.30,29.30,28.00,26.50,68.40,1.90,-0.04,0.00
84.90,30.30,29.30,28.00,26.50,68.40,1.90,-0.04,0.00
85.00,30.40,29.30,28.00,26.60,68.50,2.00,-0.04,0.00
85.10,30.30,29.30,28.00,26.60,68.50,1.40,-0.02,0.00
85.20,30.30,29.30,28.00,26.60,67.00,2.20,-0.02,0.00
85.30,30.30,29.30,28.00,26.50,68.20,1.90,-0.06,0.00
85.40,30.30,29.30,28.00,26.50,68.80,1.90,0.00,0.00
85.50,30.30,29.30,28.00,26.50,68.70,2.40,0.02,0.00
85.60,30.30,29.20,28.00,26.50,68.20,2.00,-0.04,0.00
85.70,30.30,29.30,28.10,26.50,68.70,2.40,-0.02,0.00
85.80,30.30,29.30,28.10,26.50,68.70,2.40,-0.04,0.00
85.90,30.20,29.20,28.00,26.50,67.90,2.20,0.00,0.00
86.00,30.30,29.40,28.10,26.60,68.80,1.60,-0.04,0.00
86.10,30.30,29.40,28.10,26.60,69.00,2.00,0.00,0.00
86.20,30.20,29.30,28.00,26.50,68.20,1.70,-0.04,0.00
86.30,30.20,29.30,28.00,26.40,68.40,2.20,-0.04,0.00
86.40,30.20,29.30,28.00,26.40,68.50,2.20,-0.02,0.00
86.50,30.30,29.30,28.10,26.60,68.50,2.40,0.00,0.00
86.60,30.40,29.20,28.20,26.60,68.40,2.20,-0.02,0.00
86.70,30.40,29.20,28.20,26.60,68.40,2.20,-0.04,0.00
86.80,30.30,29.30,28.00,26.40,67.90,2.40,-0.04,0.00
86.90,30.30,29.30,28.00,26.40,68.70,1.90,-0.04,0.00
87.00,30.30,29.40,28.00,26.70,68.70,2.00,-0.06,0.00
87.10,30.20,29.20,28.00,26.60,68.70,2.00,-0.06,0.00
87.20,30.20,29.20,28.00,26.60,68.40,2.20,-0.02,0.00
87.30,30.30,29.20,28.10,26.50,68.50,2.50,-0.04,0.00
87.40,30.20,29.40,28.00,26.60,68.40,2.50,0.00,0.00
87.50,30.20,29.40,28.00,26.60,68.70,2.50,-0.04,0.00
87.60,30.30,29.30,28.00,26.50,67.90,2.00,-0.04,0.00
87.70,30.30,29.30,28.10,26.70,67.90,2.00,-0.04,0.00
87.80,30.30,29.30,28.10,26.70,68.10,2.20,0.00,0.00
87.90,30.40,29.40,28.10,26.50,68.50,2.20,0.00,0.00
88.00,30.30,29.30,27.90,26.50,68.20,2.00,-0.02,0.00
88.10,30.30,29.30,27.90,26.50,68.50,1.90,-0.04,0.00
88.20,30.20,29.20,28.00,26.60,68.40,1.90,0.00,0.00
88.30,30.20,29.20,28.00,26.60,68.40,2.00,-0.04,0.00
88.40,30.30,29.40,28.10,26.60,67.90,2.20,-0.04,0.00
88.50,30.20,29.20,28.00,26.50,68.20,2.20,-0.04,0.00
88.60,30.20,29.20,28.00,26.50,68.20,2.20,0.00,0.00
88.70,30.20,29.20,27.90,26.50,68.40,2.40,-0.02,0.00
88.80,30.20,29.30,28.10,26.50,68.50,2.20,0.00,0.00
88.90,30.20,29.30,28.10,26.50,68.20,2.50,0.00,0.00
89.00,30.20,29.20,28.00,26.50,68.20,2.00,-0.06,0.00
89.10,30.30,29.30,28.10,26.60,68.20,2.00,-0.02,0.00
89.20,30.30,29.30,28.10,26.60,68.50,1.90,-0.04,0.00
89.30,30.30,29.30,28.10,26.50,68.40,2.40,0.00,0.00
89.40,30.20,29.30,28.10,26.50,68.40,2.20,-0.02,0.00
89.50,30.20,29.30,28.10,26.50,68.40,2.20,-0.04,0.00
89.60,30.20,29.30,28.10,26.60,68.40,2.20,-0.04,0.00
89.70,30.20,29.30,28.10,26.50,68.80,2.40,-0.02,0.00
89.80,30.20,29.30,28.10,26.50,68.50,3.00,-0.02,0.00
89.90,30.30,29.40,28.10,26.50,68.40,1.90,-0.02,0.00
90.00,30.30,29.30,28.20,26.60,68.20,1.60,-0.04,0.00
90.10,30.30,29.30,28.20,26.60,68.40,2.00,-0.02,0.00
90.20,30.30,29.40,28.20,26.70,68.50,2.00,-0.02,0.00
90.30,30.30,29.40,28.20,26.70,68.50,2.50,-0.06,0.00
90.40,30.20,29.30,27.90,26.50,68.40,3.00,-0.04,0.00
90.50,30.30,29.30,28.10,26.50,68.40,3.00,-0.04,0.00
90.60,30.30,29.30,28.10,26.50,66.40,2.40,-0.07,0.00
90.70,30.30,29.30,28.10,26.50,68.70,2.00,0.00,0.00
90.80,30.30,29.30,28.10,26.50,67.70,2.20,-0.04,0.00
90.90,30.30,29.30,28.10,26.50,68.50,2.00,0.00,0.00
91.00,30.10,29.20,27.90,26.50,68.40,1.70,-0.02,0.00
91.10,30.20,29.20,28.00,26.50,68.10,2.00,-0.06,0.00
91.20,30.20,29.20,28.00,26.50,68.50,1.90,-0.02,0.00
91.30,30.10,29.30,28.00,26.50,68.10,2.00,0.00,0.00
91.40,30.10,29.30,28.00,26.50,68.10,2.00,0.00,0.00
91.50,30.30,29.40,28.10,26.70,68.20,2.50,-0.04,0.00
91.60,30.30,29.30,28.10,26.60,68.10,1.70,-0.04,0.00
91.70,30.30,29.30,28.10,26.60,68.40,1.90,0.00,0.00
91.80,30.30,29.40,28.10,26.60,68.50,2.20,-0.06,0.00
91.90,30.30,29.30,28.20,26.60,68.40,2.00,-0.04,0.00
92.00,30.30,29.30,28.20,26.60,67.90,1.90,-0.02,0.00
92.10,30.20,29.30,28.10,26.60,68.50,2.40,0.00,0.00
